<?xml version="1.0" encoding="UTF-8"?>
<?xml-stylesheet type="text/xsl" href="personas1.xsl"?>
<personal>
    <persona sexo="Hombre">
        <nombre>Antonio</nombre>
        <apellido>Sierra</apellido>
    </persona>
    <persona sexo="Mujer">
        <nombre>Josefa</nombre>
        <apellido>Ruíz</apellido>
    </persona>
    <persona sexo="Hombre">
        <nombre>Carlos</nombre>
        <apellido>Pérez</apellido>
    </persona>
    <persona sexo="Mujer">
        <nombre>Ana</nombre>
        <apellido>Pérez</apellido>
    </persona>
    <persona sexo="Mujer">
        <nombre>Luisa</nombre>
        <apellido>Fernández</apellido>
    </persona>
</personal>